Month,Passengers
Jan-1949,112.00
Feb-1949,118.00
Mar-1949,132.00
Apr-1949,129.00
May-1949,121.00
Jun-1949,135.00
Jul-1949,148.00
Aug-1949,148.00
Sep-1949,136.00
Oct-1949,119.00
Nov-1949,104.00
Dec-1949,118.00
Jan-1950,115.00
Feb-1950,126.00
Mar-1950,141.00
Apr-1950,135.00
May-1950,125.00
Jun-1950,149.00
Jul-1950,170.00
Aug-1950,170.00
Sep-1950,158.00
Oct-1950,133.00
Nov-1950,114.00
Dec-1950,140.00
Jan-1951,145.00
Feb-1951,150.00
Mar-1951,178.00
Apr-1951,163.00
May-1951,172.00
Jun-1951,178.00
Jul-1951,199.00
Aug-1951,199.00
Sep-1951,184.00
Oct-1951,162.00
Nov-1951,146.00
Dec-1951,166.00
Jan-1952,171.00
Feb-1952,180.00
Mar-1952,193.00
Apr-1952,181.00
May-1952,183.00
Jun-1952,218.00
Jul-1952,230.00
Aug-1952,242.00
Sep-1952,209.00
Oct-1952,191.00
Nov-1952,172.00
Dec-1952,194.00
Jan-1953,196.00
Feb-1953,196.00
Mar-1953,236.00
Apr-1953,235.00
May-1953,229.00
Jun-1953,243.00
Jul-1953,264.00
Aug-1953,272.00
Sep-1953,237.00
Oct-1953,211.00
Nov-1953,180.00
Dec-1953,201.00
Jan-1954,204.00
Feb-1954,188.00
Mar-1954,235.00
Apr-1954,227.00
May-1954,234.00
Jun-1954,264.00
Jul-1954,302.00
Aug-1954,293.00
Sep-1954,259.00
Oct-1954,229.00
Nov-1954,203.00
Dec-1954,229.00
Jan-1955,242.00
Feb-1955,233.00
Mar-1955,267.00
Apr-1955,269.00
May-1955,270.00
Jun-1955,315.00
Jul-1955,364.00
Aug-1955,347.00
Sep-1955,312.00
Oct-1955,274.00
Nov-1955,237.00
Dec-1955,278.00
Jan-1956,284.00
Feb-1956,277.00
Mar-1956,317.00
Apr-1956,313.00
May-1956,318.00
Jun-1956,374.00
Jul-1956,413.00
Aug-1956,405.00
Sep-1956,355.00
Oct-1956,306.00
Nov-1956,271.00
Dec-1956,306.00
Jan-1957,315.00
Feb-1957,301.00
Mar-1957,356.00
Apr-1957,348.00
May-1957,355.00
Jun-1957,422.00
Jul-1957,465.00
Aug-1957,467.00
Sep-1957,404.00
Oct-1957,347.00
Nov-1957,305.00
Dec-1957,336.00
Jan-1958,340.00
Feb-1958,318.00
Mar-1958,362.00
Apr-1958,348.00
May-1958,363.00
Jun-1958,435.00
Jul-1958,491.00
Aug-1958,505.00
Sep-1958,404.00
Oct-1958,359.00
Nov-1958,310.00
Dec-1958,337.00
Jan-1959,360.00
Feb-1959,342.00
Mar-1959,406.00
Apr-1959,396.00
May-1959,420.00
Jun-1959,472.00
Jul-1959,548.00
Aug-1959,559.00
Sep-1959,463.00
Oct-1959,407.00
Nov-1959,362.00
Dec-1959,405.00
Jan-1960,417.00
Feb-1960,391.00
Mar-1960,419.00
Apr-1960,461.00
May-1960,472.00
Jun-1960,535.00
Jul-1960,622.00
Aug-1960,606.00
Sep-1960,508.00
Oct-1960,461.00
Nov-1960,390.00
Dec-1960,432.00