Month,Elecequip
Jan-1996,79.35
Feb-1996,75.78
Mar-1996,86.32
Apr-1996,72.6
May-1996,74.86
Jun-1996,83.81
Jul-1996,79.8
Aug-1996,62.41
Sep-1996,85.41
Oct-1996,83.11
Nov-1996,84.21
Dec-1996,89.7
Jan-1997,78.64
Feb-1997,77.42
Mar-1997,89.86
Apr-1997,81.27
May-1997,78.68
Jun-1997,89.51
Jul-1997,83.67
Aug-1997,69.8
Sep-1997,91.09
Oct-1997,89.43
Nov-1997,91.04
Dec-1997,92.87
Jan-1998,81.87
Feb-1998,85.36
Mar-1998,92.98
Apr-1998,81.09
May-1998,85.64
Jun-1998,91.14
Jul-1998,83.46
Aug-1998,66.37
Sep-1998,93.34
Oct-1998,85.93
Nov-1998,86.81
Dec-1998,93.3
Jan-1999,81.59
Feb-1999,81.77
Mar-1999,91.24
Apr-1999,79.45
May-1999,86.99
Jun-1999,96.6
Jul-1999,97.99
Aug-1999,79.13
Sep-1999,103.56
Oct-1999,100.89
Nov-1999,99.4
Dec-1999,111.8
Jan-2000,95.3
Feb-2000,97.77
Mar-2000,116.23
Apr-2000,100.98
May-2000,104.07
Jun-2000,114.64
Jul-2000,107.62
Aug-2000,96.12
Sep-2000,123.5
Oct-2000,116.12
Nov-2000,116.86
Dec-2000,128.61
Jan-2001,100.56
Feb-2001,103.05
Mar-2001,119.06
Apr-2001,92.46
May-2001,98.75
Jun-2001,111.14
Jul-2001,96.13
Aug-2001,79.72
Sep-2001,102.07
Oct-2001,96.18
Nov-2001,101.26
Dec-2001,109.85
Jan-2002,89.52
Feb-2002,89.27
Mar-2002,104.35
Apr-2002,87.05
May-2002,89.33
Jun-2002,102.2
Jul-2002,88.13
Aug-2002,75.68
Sep-2002,99.48
Oct-2002,96.4
Nov-2002,96.16
Dec-2002,101
Jan-2003,89.34
Feb-2003,86.91
Mar-2003,98.9
Apr-2003,85.54
May-2003,85.25
Jun-2003,101.14
Jul-2003,91.8
Aug-2003,76.98
Sep-2003,104.33
Oct-2003,99.72
Nov-2003,101.06
Dec-2003,109
Jan-2004,89.88
Feb-2004,92.27
Mar-2004,105.11
Apr-2004,91.5
May-2004,92.56
Jun-2004,104.35
Jul-2004,96.21
Aug-2004,79.58
Sep-2004,105.43
Oct-2004,99.18
Nov-2004,99.77
Dec-2004,113.55
Jan-2005,91.65
Feb-2005,90.56
Mar-2005,105.52
Apr-2005,92.18
May-2005,91.22
Jun-2005,109.04
Jul-2005,99.26
Aug-2005,83.36
Sep-2005,110.8
Oct-2005,104.95
Nov-2005,107.07
Dec-2005,114.4
Jan-2006,99.16
Feb-2006,99.86
Mar-2006,116.14
Apr-2006,103.48
May-2006,103.07
Jun-2006,119.32
Jul-2006,107.94
Aug-2006,90.59
Sep-2006,121.8
Oct-2006,117.11
Nov-2006,113.71
Dec-2006,120.37
Jan-2007,103.93
Feb-2007,104.1
Mar-2007,125.72
Apr-2007,104.7
May-2007,108.45
Jun-2007,123.11
Jul-2007,108.89
Aug-2007,94.07
Sep-2007,121.88
Oct-2007,116.81
Nov-2007,115.87
Dec-2007,127.14
Jan-2008,109.45
Feb-2008,105.23
Mar-2008,121.32
Apr-2008,108.78
May-2008,103.2
Jun-2008,117.93
Jul-2008,103.76
Aug-2008,89.27
Sep-2008,109.5
Oct-2008,104.02
Nov-2008,100.12
Dec-2008,101.18
Jan-2009,77.38
Feb-2009,75.19
Mar-2009,86.4
Apr-2009,74.13
May-2009,74.1
Jun-2009,85.61
Jul-2009,79.9
Aug-2009,65.36
Sep-2009,88.09
Oct-2009,84.6
Nov-2009,88.09
Dec-2009,102.52
Jan-2010,79.28
Feb-2010,78.74
Mar-2010,94.62
Apr-2010,84.66
May-2010,85.2
Jun-2010,103.94
Jul-2010,89.87
Aug-2010,78.14
Sep-2010,96.5
Oct-2010,94.68
Nov-2010,101.77
Dec-2010,103.48
Jan-2011,92.57
Feb-2011,89.16
Mar-2011,104.48
Apr-2011,89.45
May-2011,93.4
Jun-2011,102.9
Jul-2011,93.77
Aug-2011,77.58
Sep-2011,95.04
Oct-2011,91.77
Nov-2011,93.37
Dec-2011,98.34
Jan-2012,86.44
Feb-2012,85.04
Mar-2012,97.8