settlement_date,england_wales_demand
17/10/2024,20145
17/10/2024,19585
17/10/2024,19720
17/10/2024,19886
17/10/2024,19670
17/10/2024,19151
17/10/2024,18584
17/10/2024,18355
17/10/2024,18098
17/10/2024,18127
17/10/2024,18487
17/10/2024,19057
17/10/2024,21590
17/10/2024,23754
17/10/2024,26145
17/10/2024,27182
17/10/2024,27748
17/10/2024,27360
17/10/2024,27120
17/10/2024,26535
17/10/2024,25810
17/10/2024,25199
17/10/2024,24348
17/10/2024,24109
17/10/2024,24163
17/10/2024,23959
17/10/2024,23738
17/10/2024,23524
17/10/2024,23602
17/10/2024,23697
17/10/2024,23884
17/10/2024,24870
17/10/2024,25822
17/10/2024,27225
17/10/2024,28708
17/10/2024,29578
17/10/2024,30418
17/10/2024,30990
17/10/2024,31312
17/10/2024,30560
17/10/2024,29581
17/10/2024,28797
17/10/2024,27653
17/10/2024,26190
17/10/2024,24467
17/10/2024,23355
17/10/2024,21222
17/10/2024,20762
18/10/2024,20525
18/10/2024,20219
18/10/2024,20143
18/10/2024,20247
18/10/2024,19436
18/10/2024,18994
18/10/2024,19031
18/10/2024,18645
18/10/2024,18620
18/10/2024,18542
18/10/2024,19077
18/10/2024,19700
18/10/2024,21826
18/10/2024,23613
18/10/2024,26225
18/10/2024,28092
18/10/2024,29166
18/10/2024,28895
18/10/2024,28901
18/10/2024,28226
18/10/2024,27168
18/10/2024,26369
18/10/2024,25541
18/10/2024,24806
18/10/2024,24325
18/10/2024,24062
18/10/2024,23576
18/10/2024,23555
18/10/2024,23610
18/10/2024,23804
18/10/2024,24007
18/10/2024,25297
18/10/2024,26394
18/10/2024,27487
18/10/2024,28786
18/10/2024,29397
18/10/2024,29847
18/10/2024,29991
18/10/2024,29597
18/10/2024,28515
18/10/2024,27793
18/10/2024,26337
18/10/2024,25080
18/10/2024,23863
18/10/2024,22842
18/10/2024,21714
18/10/2024,20615
18/10/2024,20120
19/10/2024,19844
19/10/2024,19712
19/10/2024,19554
19/10/2024,19456
19/10/2024,19427
19/10/2024,18895
19/10/2024,18133
19/10/2024,17972
19/10/2024,17698
19/10/2024,17457
19/10/2024,17827
19/10/2024,18034
19/10/2024,18847
19/10/2024,19955
19/10/2024,20863
19/10/2024,21970
19/10/2024,23072
19/10/2024,23684
19/10/2024,24116
19/10/2024,23931
19/10/2024,23801
19/10/2024,23744
19/10/2024,23471
19/10/2024,23221
19/10/2024,22832
19/10/2024,22170
19/10/2024,21282
19/10/2024,20790
19/10/2024,20435
19/10/2024,20189
19/10/2024,20167
19/10/2024,21038
19/10/2024,22232
19/10/2024,23480
19/10/2024,25883
19/10/2024,26692
19/10/2024,27535
19/10/2024,28082
19/10/2024,27647
19/10/2024,27271
19/10/2024,26822
19/10/2024,26086
19/10/2024,24833
19/10/2024,24062
19/10/2024,22767
19/10/2024,21976
19/10/2024,20720
19/10/2024,19904
20/10/2024,19281
20/10/2024,18785
20/10/2024,18391
20/10/2024,18117
20/10/2024,17655
20/10/2024,17460
20/10/2024,16623
20/10/2024,16261
20/10/2024,16026
20/10/2024,15651
20/10/2024,15232
20/10/2024,15557
20/10/2024,16286
20/10/2024,16955
20/10/2024,17610
20/10/2024,18525
20/10/2024,19672
20/10/2024,20377
20/10/2024,21904
20/10/2024,22873
20/10/2024,23851
20/10/2024,24043
20/10/2024,24776
20/10/2024,24916
20/10/2024,25242
20/10/2024,25158
20/10/2024,24997
20/10/2024,24333
20/10/2024,23373
20/10/2024,22662
20/10/2024,22556
20/10/2024,22508
20/10/2024,23492
20/10/2024,24940
20/10/2024,26348
20/10/2024,27207
20/10/2024,28021
20/10/2024,28353
20/10/2024,27853
20/10/2024,26789
20/10/2024,25719
20/10/2024,24648
20/10/2024,23315
20/10/2024,22394
20/10/2024,20923
20/10/2024,20099
20/10/2024,18416
20/10/2024,17798
21/10/2024,16900
21/10/2024,16742
21/10/2024,16763
21/10/2024,16968
21/10/2024,16811
21/10/2024,16671
21/10/2024,16421
21/10/2024,16380
21/10/2024,16603
21/10/2024,16506
21/10/2024,17451
21/10/2024,18281
21/10/2024,20533
21/10/2024,22580
21/10/2024,25537
21/10/2024,26883
21/10/2024,28209
21/10/2024,28988
21/10/2024,29584
21/10/2024,29917
21/10/2024,30011
21/10/2024,29796
21/10/2024,29934
21/10/2024,29735
21/10/2024,29442
21/10/2024,29250
21/10/2024,29323
21/10/2024,28984
21/10/2024,28881
21/10/2024,28764
21/10/2024,28683
21/10/2024,29341
21/10/2024,29467
21/10/2024,29908
21/10/2024,31034
21/10/2024,31707
21/10/2024,32795
21/10/2024,32929
21/10/2024,32859
21/10/2024,32007
21/10/2024,30989
21/10/2024,29973
21/10/2024,28258
21/10/2024,26585
21/10/2024,25034
21/10/2024,23466
21/10/2024,22124
21/10/2024,21066
22/10/2024,20315
22/10/2024,20262
22/10/2024,19723
22/10/2024,19828
22/10/2024,19575
22/10/2024,19365
22/10/2024,19159
22/10/2024,19027
22/10/2024,18633
22/10/2024,18617
22/10/2024,19043
22/10/2024,20008
22/10/2024,22295
22/10/2024,24483
22/10/2024,27392
22/10/2024,28899
22/10/2024,30348
22/10/2024,30082
22/10/2024,29958
22/10/2024,29248
22/10/2024,28535
22/10/2024,27396
22/10/2024,27002
22/10/2024,26606
22/10/2024,26437
22/10/2024,26002
22/10/2024,26138
22/10/2024,25850
22/10/2024,25920
22/10/2024,26093
22/10/2024,26451
22/10/2024,27091
22/10/2024,27743
22/10/2024,29336
22/10/2024,30406
22/10/2024,31861
22/10/2024,32739
22/10/2024,33192
22/10/2024,32870
22/10/2024,32065
22/10/2024,30911
22/10/2024,29953
22/10/2024,28873
22/10/2024,27070
22/10/2024,25440
22/10/2024,24133
22/10/2024,22763
22/10/2024,21468
23/10/2024,20933
23/10/2024,20563
23/10/2024,20586
23/10/2024,20621
23/10/2024,20504
23/10/2024,20178
23/10/2024,19896
23/10/2024,19698
23/10/2024,19282
23/10/2024,19373
23/10/2024,19744
23/10/2024,20930
23/10/2024,22850
23/10/2024,24676
23/10/2024,27146
23/10/2024,28125
23/10/2024,29887
23/10/2024,30067
23/10/2024,30232
23/10/2024,29747
23/10/2024,29221
23/10/2024,28625
23/10/2024,28256
23/10/2024,27654
23/10/2024,27374
23/10/2024,27017
23/10/2024,26558
23/10/2024,26283
23/10/2024,26138
23/10/2024,26212
23/10/2024,26254
23/10/2024,27155
23/10/2024,28205
23/10/2024,29409
23/10/2024,30576
23/10/2024,31669
23/10/2024,32625
23/10/2024,32883
23/10/2024,32729
23/10/2024,31869
23/10/2024,30851
23/10/2024,29362
23/10/2024,27956
23/10/2024,26410
23/10/2024,24615
23/10/2024,23149
23/10/2024,21560
23/10/2024,20502
24/10/2024,20035
24/10/2024,19752
24/10/2024,19852
24/10/2024,20019
24/10/2024,19720
24/10/2024,19349
24/10/2024,18977
24/10/2024,18644
24/10/2024,18308
24/10/2024,18375
24/10/2024,19004
24/10/2024,19777
24/10/2024,21998
24/10/2024,24248
24/10/2024,26656
24/10/2024,27604
24/10/2024,28913
24/10/2024,28923
24/10/2024,28901
24/10/2024,28233
24/10/2024,27710
24/10/2024,27110
24/10/2024,26726
24/10/2024,26357
24/10/2024,26151
24/10/2024,25880
24/10/2024,25634
24/10/2024,25233
24/10/2024,25180
24/10/2024,25462
24/10/2024,25871
24/10/2024,27086
24/10/2024,28304
24/10/2024,29319
24/10/2024,30536
24/10/2024,31213
24/10/2024,32296
24/10/2024,32215
24/10/2024,31651
24/10/2024,30780
24/10/2024,29969
24/10/2024,28825
24/10/2024,27552
24/10/2024,26314
24/10/2024,24999
24/10/2024,23377
24/10/2024,22002
24/10/2024,21203
25/10/2024,20507
25/10/2024,20239
25/10/2024,19824
25/10/2024,20006
25/10/2024,19713
25/10/2024,19369
25/10/2024,19176
25/10/2024,18845
25/10/2024,18513
25/10/2024,18462
25/10/2024,18824
25/10/2024,19726
25/10/2024,21647
25/10/2024,23563
25/10/2024,25526
25/10/2024,26554
25/10/2024,28396
25/10/2024,29301
25/10/2024,29665
25/10/2024,29586
25/10/2024,29552
25/10/2024,29395
25/10/2024,29314
25/10/2024,29354
25/10/2024,29064
25/10/2024,28752
25/10/2024,28276
25/10/2024,27743
25/10/2024,27610
25/10/2024,27612
25/10/2024,27252
25/10/2024,27621
25/10/2024,28143
25/10/2024,29008
25/10/2024,29582
25/10/2024,30132
25/10/2024,30999
25/10/2024,31000
25/10/2024,30657
25/10/2024,30150
25/10/2024,29166
25/10/2024,28259
25/10/2024,26889
25/10/2024,25809
25/10/2024,24532
25/10/2024,23520
25/10/2024,21978
25/10/2024,21198
26/10/2024,20983
26/10/2024,20488
26/10/2024,20358
26/10/2024,20291
26/10/2024,20100
26/10/2024,19780
26/10/2024,19138
26/10/2024,18704
26/10/2024,18169
26/10/2024,18110
26/10/2024,17956
26/10/2024,18457
26/10/2024,19694
26/10/2024,20345
26/10/2024,21874
26/10/2024,22765
26/10/2024,24317
26/10/2024,24810
26/10/2024,25515
26/10/2024,25630
26/10/2024,25294
26/10/2024,24850
26/10/2024,24658
26/10/2024,24219
26/10/2024,23774
26/10/2024,23557
26/10/2024,23180
26/10/2024,23110
26/10/2024,22928
26/10/2024,23083
26/10/2024,23406
26/10/2024,23850
26/10/2024,24716
26/10/2024,25863
26/10/2024,27333
26/10/2024,28207
26/10/2024,29535
26/10/2024,29155
26/10/2024,28575
26/10/2024,27852
26/10/2024,26989
26/10/2024,26222
26/10/2024,25139
26/10/2024,24244
26/10/2024,23331
26/10/2024,22332
26/10/2024,21104
26/10/2024,20297
27/10/2024,19806
27/10/2024,19781
27/10/2024,19330
27/10/2024,19351
27/10/2024,18989
27/10/2024,18493
27/10/2024,17973
27/10/2024,17731
27/10/2024,17157
27/10/2024,17035
27/10/2024,17339
27/10/2024,17182
27/10/2024,17200
27/10/2024,17508
27/10/2024,18984
27/10/2024,19817
27/10/2024,20839
27/10/2024,21507
27/10/2024,21826
27/10/2024,21795
27/10/2024,21773
27/10/2024,21526
27/10/2024,21308
27/10/2024,20640
27/10/2024,20491
27/10/2024,20450
27/10/2024,20163
27/10/2024,20204
27/10/2024,20671
27/10/2024,21358
27/10/2024,22401
27/10/2024,23599
27/10/2024,24709
27/10/2024,26209
27/10/2024,28121
27/10/2024,29489
27/10/2024,30472
27/10/2024,31110
27/10/2024,30362
27/10/2024,29667
27/10/2024,28549
27/10/2024,27183
27/10/2024,26259
27/10/2024,25167
27/10/2024,24100
27/10/2024,23147
27/10/2024,21723
27/10/2024,20732
27/10/2024,19549
27/10/2024,18687
28/10/2024,18499
28/10/2024,18603
28/10/2024,18411
28/10/2024,17828
28/10/2024,17462
28/10/2024,17167
28/10/2024,16942
28/10/2024,16497
28/10/2024,16490
28/10/2024,16595
28/10/2024,17138
28/10/2024,18240
28/10/2024,20628
28/10/2024,22250
28/10/2024,24949
28/10/2024,26199
28/10/2024,27709
28/10/2024,28290
28/10/2024,28752
28/10/2024,28709
28/10/2024,28478
28/10/2024,28518
28/10/2024,28586
28/10/2024,28783
28/10/2024,28954
28/10/2024,29254
28/10/2024,29659
28/10/2024,29703
28/10/2024,29555
28/10/2024,29758
28/10/2024,29797
28/10/2024,30366
28/10/2024,31349
28/10/2024,32840
28/10/2024,34029
28/10/2024,33817
28/10/2024,33286
28/10/2024,32890
28/10/2024,32370
28/10/2024,31436
28/10/2024,30267
28/10/2024,29054
28/10/2024,27772
28/10/2024,26246
28/10/2024,25221
28/10/2024,23830
28/10/2024,22123
28/10/2024,21335
29/10/2024,20896
29/10/2024,21131
29/10/2024,20772
29/10/2024,20448
29/10/2024,20022
29/10/2024,19838
29/10/2024,19242
29/10/2024,19012
29/10/2024,18790
29/10/2024,19075
29/10/2024,19365
29/10/2024,20234
29/10/2024,22413
29/10/2024,24360
29/10/2024,26080
29/10/2024,27095
29/10/2024,28441
29/10/2024,29095
29/10/2024,29418
29/10/2024,28937
29/10/2024,28500
29/10/2024,28260
29/10/2024,28252
29/10/2024,28438
29/10/2024,28661
29/10/2024,28824
29/10/2024,28499
29/10/2024,28727
29/10/2024,29159
29/10/2024,29804
29/10/2024,30499
29/10/2024,30663
29/10/2024,31269
29/10/2024,32393
29/10/2024,33457
29/10/2024,33661
29/10/2024,33451
29/10/2024,32912
29/10/2024,32456
29/10/2024,31642
29/10/2024,30379
29/10/2024,29272
29/10/2024,27935
29/10/2024,26591
29/10/2024,25145
29/10/2024,23827
29/10/2024,22646
29/10/2024,21700
30/10/2024,21335
30/10/2024,21760
30/10/2024,21362
30/10/2024,20745
30/10/2024,20153
30/10/2024,19633
30/10/2024,19224
30/10/2024,18973
30/10/2024,18648
30/10/2024,18785
30/10/2024,19405
30/10/2024,20492
30/10/2024,22333
30/10/2024,24224
30/10/2024,26109
30/10/2024,27357
30/10/2024,28889
30/10/2024,29353
30/10/2024,29649
30/10/2024,29638
30/10/2024,29635
30/10/2024,29417
30/10/2024,29360
30/10/2024,29420
30/10/2024,29712
30/10/2024,30064
30/10/2024,29812
30/10/2024,30167
30/10/2024,30258
30/10/2024,30375
30/10/2024,30411
30/10/2024,31043
30/10/2024,31828
30/10/2024,32737
30/10/2024,34148
30/10/2024,33788
30/10/2024,33190
30/10/2024,32755
30/10/2024,32412
30/10/2024,31654
30/10/2024,30340
30/10/2024,29319
30/10/2024,27741
30/10/2024,26427
30/10/2024,25060
30/10/2024,23451
30/10/2024,22397
30/10/2024,21527
31/10/2024,21696
31/10/2024,21781
31/10/2024,21185
31/10/2024,20483
31/10/2024,19846
31/10/2024,19559
31/10/2024,19037
31/10/2024,18800
31/10/2024,18816
31/10/2024,18789
31/10/2024,19426
31/10/2024,20338
31/10/2024,22287
31/10/2024,23889
31/10/2024,25853
31/10/2024,27020
31/10/2024,28546
31/10/2024,28918
31/10/2024,29029
31/10/2024,28883
31/10/2024,28737
31/10/2024,28610
31/10/2024,28578
31/10/2024,28504
31/10/2024,28697
31/10/2024,28533
31/10/2024,28450
31/10/2024,28282
31/10/2024,28255
31/10/2024,28731
31/10/2024,29157
31/10/2024,29811
31/10/2024,30739
31/10/2024,31704
31/10/2024,32341
31/10/2024,32289
31/10/2024,31719
31/10/2024,31362
31/10/2024,31095
31/10/2024,30484
31/10/2024,29524
31/10/2024,28466
31/10/2024,27205
31/10/2024,26096
31/10/2024,25032
31/10/2024,23687
31/10/2024,22502
31/10/2024,21478
01/11/2024,21051
01/11/2024,21248
01/11/2024,20890
01/11/2024,20211
01/11/2024,19729
01/11/2024,19315
01/11/2024,19035
01/11/2024,18871
01/11/2024,18556
01/11/2024,18478
01/11/2024,18811
01/11/2024,19405
01/11/2024,21249
01/11/2024,22878
01/11/2024,25093
01/11/2024,26408
01/11/2024,27822
01/11/2024,28635
01/11/2024,28745
01/11/2024,28728
01/11/2024,28637
01/11/2024,28648
01/11/2024,28899
01/11/2024,29003
01/11/2024,29045
01/11/2024,29123
01/11/2024,29484
01/11/2024,29521
01/11/2024,29877
01/11/2024,30009
01/11/2024,30110
01/11/2024,30225
01/11/2024,30835
01/11/2024,31755
01/11/2024,32765
01/11/2024,32797
01/11/2024,32324
01/11/2024,31657
01/11/2024,31429
01/11/2024,30695
01/11/2024,29755
01/11/2024,28692
01/11/2024,27645
01/11/2024,26449
01/11/2024,25214
01/11/2024,23767
01/11/2024,22657
01/11/2024,21739
02/11/2024,21546
02/11/2024,21623
02/11/2024,21093
02/11/2024,20439
02/11/2024,19853
02/11/2024,19336
02/11/2024,19194
02/11/2024,18788
02/11/2024,18522
02/11/2024,18442
02/11/2024,18392
02/11/2024,18640
02/11/2024,19372
02/11/2024,20233
02/11/2024,21454
02/11/2024,22390
02/11/2024,24136
02/11/2024,24857
02/11/2024,25795
02/11/2024,26016
02/11/2024,26225
02/11/2024,26249
02/11/2024,26528
02/11/2024,26766
02/11/2024,27089
02/11/2024,27195
02/11/2024,27457
02/11/2024,27344
02/11/2024,27002
02/11/2024,27386
02/11/2024,27702
02/11/2024,27881
02/11/2024,28914
02/11/2024,29817
02/11/2024,30455
02/11/2024,30500
02/11/2024,30422
02/11/2024,29513
02/11/2024,28628
02/11/2024,27918
02/11/2024,27676
02/11/2024,26600
02/11/2024,25669
02/11/2024,24973
02/11/2024,23649
02/11/2024,22590
02/11/2024,21633
02/11/2024,21015
03/11/2024,20655
03/11/2024,20812
03/11/2024,20398
03/11/2024,19621
03/11/2024,19135
03/11/2024,18701
03/11/2024,18423
03/11/2024,17967
03/11/2024,17708
03/11/2024,17561
03/11/2024,17686
03/11/2024,17759
03/11/2024,18388
03/11/2024,18882
03/11/2024,19755
03/11/2024,20425
03/11/2024,21698
03/11/2024,22916
03/11/2024,24090
03/11/2024,25010
03/11/2024,25782
03/11/2024,26325
03/11/2024,26854
03/11/2024,27080
03/11/2024,27556
03/11/2024,28161
03/11/2024,28462
03/11/2024,28500
03/11/2024,28859
03/11/2024,29082
03/11/2024,29670
03/11/2024,30567
03/11/2024,31178
03/11/2024,32260
03/11/2024,33194
03/11/2024,33130
03/11/2024,32478
03/11/2024,31797
03/11/2024,30750
03/11/2024,29617
03/11/2024,28517
03/11/2024,27457
03/11/2024,26400
03/11/2024,25211
03/11/2024,24097
03/11/2024,22766
03/11/2024,21437
03/11/2024,20790
04/11/2024,20718
04/11/2024,20986
04/11/2024,20517
04/11/2024,20159
04/11/2024,19654
04/11/2024,19315
04/11/2024,18959
04/11/2024,18577
04/11/2024,18373
04/11/2024,18461
04/11/2024,19014
04/11/2024,20011
04/11/2024,22581
04/11/2024,25093
04/11/2024,27559
04/11/2024,28869
04/11/2024,30310
04/11/2024,30882
04/11/2024,31549
04/11/2024,31988
04/11/2024,32042
04/11/2024,32021
04/11/2024,31953
04/11/2024,32049
04/11/2024,32433
04/11/2024,32330
04/11/2024,32105
04/11/2024,31858
04/11/2024,31263
04/11/2024,31165
04/11/2024,30988
04/11/2024,31934
04/11/2024,32637
04/11/2024,33636
04/11/2024,34709
04/11/2024,35141
04/11/2024,35266
04/11/2024,34566
04/11/2024,33948
04/11/2024,32672
04/11/2024,31652
04/11/2024,30732
04/11/2024,29021
04/11/2024,27515
04/11/2024,25966
04/11/2024,24569
04/11/2024,23217
04/11/2024,22393
05/11/2024,22019
05/11/2024,22174
05/11/2024,21748
05/11/2024,21239
05/11/2024,20754
05/11/2024,20449
05/11/2024,19922
05/11/2024,19609
05/11/2024,19364
05/11/2024,19418
05/11/2024,19844
05/11/2024,20829
05/11/2024,23275
05/11/2024,25587
05/11/2024,27987
05/11/2024,28954
05/11/2024,31043
05/11/2024,31189
05/11/2024,32174
05/11/2024,31946
05/11/2024,31570
05/11/2024,31476
05/11/2024,31579
05/11/2024,31552
05/11/2024,31634
05/11/2024,31657
05/11/2024,31799
05/11/2024,31589
05/11/2024,30959
05/11/2024,31241
05/11/2024,31636
05/11/2024,32232
05/11/2024,33073
05/11/2024,34102
05/11/2024,34782
05/11/2024,34740
05/11/2024,34368
05/11/2024,34033
05/11/2024,33289
05/11/2024,32170
05/11/2024,31187
05/11/2024,30393
05/11/2024,29064
05/11/2024,27533
05/11/2024,26228
05/11/2024,24967
05/11/2024,23513
05/11/2024,22361
06/11/2024,22107
06/11/2024,22598
06/11/2024,22160
06/11/2024,21541
06/11/2024,21032
06/11/2024,20589
06/11/2024,20033
06/11/2024,19703
06/11/2024,19576
06/11/2024,19643
06/11/2024,20076
06/11/2024,21277
06/11/2024,23838
06/11/2024,25744
06/11/2024,28286
06/11/2024,29252
06/11/2024,30562
06/11/2024,31045
06/11/2024,31480
06/11/2024,31549
06/11/2024,31494
06/11/2024,31486
06/11/2024,31609
06/11/2024,31656
06/11/2024,31908
06/11/2024,31932
06/11/2024,31862
06/11/2024,31937
06/11/2024,31746
06/11/2024,31540
06/11/2024,31719
06/11/2024,32326
06/11/2024,32755
06/11/2024,34423
06/11/2024,34890
06/11/2024,34978
06/11/2024,34910
06/11/2024,34661
06/11/2024,34019
06/11/2024,33156
06/11/2024,32029
06/11/2024,31075
06/11/2024,29604
06/11/2024,28304
06/11/2024,26594
06/11/2024,25091
06/11/2024,23574
06/11/2024,22547
07/11/2024,22121
07/11/2024,22202
07/11/2024,21760
07/11/2024,20997
07/11/2024,20619
07/11/2024,20428
07/11/2024,19857
07/11/2024,19486
07/11/2024,19172
07/11/2024,19305
07/11/2024,19698
07/11/2024,20555
07/11/2024,22907
07/11/2024,25102
07/11/2024,27565
07/11/2024,28664
07/11/2024,30117
07/11/2024,30429
07/11/2024,31188
07/11/2024,31176
07/11/2024,31212
07/11/2024,31302
07/11/2024,31481
07/11/2024,31623
07/11/2024,31823
07/11/2024,31897
07/11/2024,31989
07/11/2024,31976
07/11/2024,31563
07/11/2024,31849
07/11/2024,32259
07/11/2024,32628
07/11/2024,33708
07/11/2024,34553
07/11/2024,34529
07/11/2024,34725
07/11/2024,34707
07/11/2024,33845
07/11/2024,33450
07/11/2024,32290
07/11/2024,31339
07/11/2024,30586
07/11/2024,28910
07/11/2024,27494
07/11/2024,26147
07/11/2024,24767
07/11/2024,23199
07/11/2024,22339
08/11/2024,22088
08/11/2024,22140
08/11/2024,21702
08/11/2024,21134
08/11/2024,20561
08/11/2024,20176
08/11/2024,19717
08/11/2024,19472
08/11/2024,19443
08/11/2024,19483
08/11/2024,19666
08/11/2024,20677
08/11/2024,23161
08/11/2024,25233
08/11/2024,27320
08/11/2024,28617
08/11/2024,29958
08/11/2024,30829
08/11/2024,31662
08/11/2024,31521
08/11/2024,31462
08/11/2024,31466
08/11/2024,31779
08/11/2024,31778
08/11/2024,32046
08/11/2024,32082
08/11/2024,32020
08/11/2024,31152
08/11/2024,31704
08/11/2024,31966
08/11/2024,32008
08/11/2024,32638
08/11/2024,33215
08/11/2024,34261
08/11/2024,34922
08/11/2024,35005
08/11/2024,34572
08/11/2024,33699
08/11/2024,33080
08/11/2024,31958
08/11/2024,31167
08/11/2024,30160
08/11/2024,28445
08/11/2024,27582
08/11/2024,26067
08/11/2024,25009
08/11/2024,23513
08/11/2024,22835
09/11/2024,22603
09/11/2024,22823
09/11/2024,22159
09/11/2024,21718
09/11/2024,21124
09/11/2024,20612
09/11/2024,19951
09/11/2024,19546
09/11/2024,19207
09/11/2024,18930
09/11/2024,19109
09/11/2024,19360
09/11/2024,20736
09/11/2024,21263
09/11/2024,23096
09/11/2024,23956
09/11/2024,25534
09/11/2024,26510
09/11/2024,27983
09/11/2024,28357
09/11/2024,28570
09/11/2024,28693
09/11/2024,29277
09/11/2024,29461
09/11/2024,29585
09/11/2024,29708
09/11/2024,30005
09/11/2024,29891
09/11/2024,29614
09/11/2024,29627
09/11/2024,29800
09/11/2024,30133
09/11/2024,30605
09/11/2024,31857
09/11/2024,32954
09/11/2024,33127
09/11/2024,32823
09/11/2024,32210
09/11/2024,31337
09/11/2024,30358
09/11/2024,29329
09/11/2024,28301
09/11/2024,27223
09/11/2024,26264
09/11/2024,25094
09/11/2024,24004
09/11/2024,22917
09/11/2024,22196
10/11/2024,21940
10/11/2024,22164
10/11/2024,21783
10/11/2024,21001
10/11/2024,20496
10/11/2024,20237
10/11/2024,19545
10/11/2024,19209
10/11/2024,18787
10/11/2024,18584
10/11/2024,18526
10/11/2024,18510
10/11/2024,19226
10/11/2024,19842
10/11/2024,20838
10/11/2024,21595
10/11/2024,23074
10/11/2024,24172
10/11/2024,25408
10/11/2024,25939
10/11/2024,26414
10/11/2024,26497
10/11/2024,26748
10/11/2024,27362
10/11/2024,27938
10/11/2024,28354
10/11/2024,28624
10/11/2024,28869
10/11/2024,29012
10/11/2024,29093
10/11/2024,29445
10/11/2024,30470
10/11/2024,31702
10/11/2024,33035
10/11/2024,33641
10/11/2024,33521
10/11/2024,32663
10/11/2024,32220
10/11/2024,31350
10/11/2024,30074
10/11/2024,29210
10/11/2024,28015
10/11/2024,26550
10/11/2024,25291
10/11/2024,24090
10/11/2024,22609
10/11/2024,21311
10/11/2024,20766
11/11/2024,20843
11/11/2024,20865
11/11/2024,20388
11/11/2024,19927
11/11/2024,19625
11/11/2024,19502
11/11/2024,19380
11/11/2024,18869
11/11/2024,18527
11/11/2024,18607
11/11/2024,19319
11/11/2024,20148
11/11/2024,22547
11/11/2024,25094
11/11/2024,27822
11/11/2024,28698
11/11/2024,29977
11/11/2024,30077
11/11/2024,30600
11/11/2024,30352
11/11/2024,29533
11/11/2024,28928
11/11/2024,28782
11/11/2024,28544
11/11/2024,28971
11/11/2024,28775
11/11/2024,28570
11/11/2024,29127
11/11/2024,29576
11/11/2024,29868
11/11/2024,30541
11/11/2024,31508
11/11/2024,32998
11/11/2024,34656
11/11/2024,35478
11/11/2024,35602
11/11/2024,35416
11/11/2024,35050
11/11/2024,34615
11/11/2024,33879
11/11/2024,32578
11/11/2024,31285
11/11/2024,29663
11/11/2024,28352
11/11/2024,26639
11/11/2024,25133
11/11/2024,23525
11/11/2024,22578
12/11/2024,22624
12/11/2024,22881
12/11/2024,22302
12/11/2024,21895
12/11/2024,21414
12/11/2024,21290
12/11/2024,20734
12/11/2024,20486
12/11/2024,20282
12/11/2024,20310
12/11/2024,20896
12/11/2024,21892
12/11/2024,24375
12/11/2024,26885
12/11/2024,29179
12/11/2024,30539
12/11/2024,31281
12/11/2024,31060
12/11/2024,31365
12/11/2024,30967
12/11/2024,30614
12/11/2024,30205
12/11/2024,29788
12/11/2024,29584
12/11/2024,29935
12/11/2024,30047
12/11/2024,30316
12/11/2024,30570
12/11/2024,30905
12/11/2024,31257
12/11/2024,31811
12/11/2024,32815
12/11/2024,33548
12/11/2024,34737
12/11/2024,35854
12/11/2024,35499
12/11/2024,35755
12/11/2024,35307
12/11/2024,34543
12/11/2024,33832
12/11/2024,32609
12/11/2024,31306
12/11/2024,30144
12/11/2024,28663
12/11/2024,26820
12/11/2024,25377
12/11/2024,24134
12/11/2024,23189
13/11/2024,22857
13/11/2024,23147
13/11/2024,22775
13/11/2024,22204
13/11/2024,21848
13/11/2024,21341
13/11/2024,20883
13/11/2024,20658
13/11/2024,20056
13/11/2024,20292
13/11/2024,21018
13/11/2024,22054
13/11/2024,24551
13/11/2024,26641
13/11/2024,29189
13/11/2024,30387
13/11/2024,31579
13/11/2024,31253
13/11/2024,31407
13/11/2024,30942
13/11/2024,29886
13/11/2024,29390
13/11/2024,29034
13/11/2024,28687
13/11/2024,29197
13/11/2024,29332
13/11/2024,29611
13/11/2024,29597
13/11/2024,29987
13/11/2024,30533
13/11/2024,31493
13/11/2024,32682
13/11/2024,34275
13/11/2024,35633
13/11/2024,36232
13/11/2024,36198
13/11/2024,36161
13/11/2024,35814
13/11/2024,35328
13/11/2024,34362
13/11/2024,33005
13/11/2024,31701
13/11/2024,30032
13/11/2024,28597
13/11/2024,27003
13/11/2024,25501
13/11/2024,23839
13/11/2024,22958
14/11/2024,22623
14/11/2024,23121
14/11/2024,22443
14/11/2024,22204
14/11/2024,21877
14/11/2024,21376
14/11/2024,20896
14/11/2024,20304
14/11/2024,20083
14/11/2024,20074
14/11/2024,20766
14/11/2024,21728
14/11/2024,24276
14/11/2024,26720
14/11/2024,29028
14/11/2024,30332
14/11/2024,31455
14/11/2024,31246
14/11/2024,31919
14/11/2024,31784
14/11/2024,31128
14/11/2024,30526
14/11/2024,30287
14/11/2024,30321
14/11/2024,30561
14/11/2024,30438
14/11/2024,30580
14/11/2024,30780
14/11/2024,30926
14/11/2024,31050
14/11/2024,31595
14/11/2024,32660
14/11/2024,33597
14/11/2024,34886
14/11/2024,35584
14/11/2024,35665
14/11/2024,36060
14/11/2024,35707
14/11/2024,35310
14/11/2024,34356
14/11/2024,33352
14/11/2024,32198
14/11/2024,30791
14/11/2024,29073
14/11/2024,27298
14/11/2024,25920
14/11/2024,24578
14/11/2024,23349
15/11/2024,23451
15/11/2024,23962
15/11/2024,23370
15/11/2024,22809
15/11/2024,22262
15/11/2024,22029
15/11/2024,21504
15/11/2024,21171
15/11/2024,20778
15/11/2024,21023
15/11/2024,21336
15/11/2024,22334
15/11/2024,24682
15/11/2024,26882
15/11/2024,29467
15/11/2024,30846
15/11/2024,31999
15/11/2024,32060
15/11/2024,32369
15/11/2024,32079
15/11/2024,31661
15/11/2024,31408
15/11/2024,31117
15/11/2024,30631
15/11/2024,30771
15/11/2024,30669
15/11/2024,30582
15/11/2024,30683
15/11/2024,30738
15/11/2024,30872
15/11/2024,31271
15/11/2024,32273
15/11/2024,33056
15/11/2024,34280
15/11/2024,34949
15/11/2024,35142
15/11/2024,34771
15/11/2024,33889
15/11/2024,33404
15/11/2024,32510
15/11/2024,31461
15/11/2024,30176
15/11/2024,28984
15/11/2024,27756
15/11/2024,26402
15/11/2024,25223
15/11/2024,23862
15/11/2024,22965
16/11/2024,22573
16/11/2024,22679
16/11/2024,22184
16/11/2024,21465
16/11/2024,21057
16/11/2024,20593
16/11/2024,20059
16/11/2024,19451
16/11/2024,19070
16/11/2024,18847
16/11/2024,19452
16/11/2024,19442
16/11/2024,20765
16/11/2024,21638
16/11/2024,22747
16/11/2024,23986
16/11/2024,25529
16/11/2024,26470
16/11/2024,27551
16/11/2024,27784
16/11/2024,28005
16/11/2024,28064
16/11/2024,27975
16/11/2024,28036
16/11/2024,28244
16/11/2024,28347
16/11/2024,28570
16/11/2024,28476
16/11/2024,28336
16/11/2024,28671
16/11/2024,28817
16/11/2024,29210
16/11/2024,30222
16/11/2024,31663
16/11/2024,32138
16/11/2024,32167
16/11/2024,31983
16/11/2024,31534
16/11/2024,30641
16/11/2024,29824
16/11/2024,28811
16/11/2024,27705
16/11/2024,26577
16/11/2024,25412
16/11/2024,24485
16/11/2024,23565
16/11/2024,22382
16/11/2024,21339
17/11/2024,21283
17/11/2024,21516
17/11/2024,20945
17/11/2024,20426
17/11/2024,20127
17/11/2024,19567
17/11/2024,19041
17/11/2024,18613
17/11/2024,18302
17/11/2024,18189
17/11/2024,18575
17/11/2024,18584
17/11/2024,19177
17/11/2024,19701
17/11/2024,20793
17/11/2024,21453
17/11/2024,23018
17/11/2024,24129
17/11/2024,24919
17/11/2024,25099
17/11/2024,25391
17/11/2024,25223
17/11/2024,25526
17/11/2024,25916
17/11/2024,26675
17/11/2024,27408
17/11/2024,28167
17/11/2024,28458
17/11/2024,29006
17/11/2024,29656
17/11/2024,30397
17/11/2024,31129
17/11/2024,32568
17/11/2024,33854
17/11/2024,34511
17/11/2024,34209
17/11/2024,33375
17/11/2024,33063
17/11/2024,32319
17/11/2024,31117
17/11/2024,30220
17/11/2024,29250
17/11/2024,27809
17/11/2024,26633
17/11/2024,25430
17/11/2024,24214
17/11/2024,22665
17/11/2024,21278
18/11/2024,21492
18/11/2024,22201
18/11/2024,21989
18/11/2024,21646
18/11/2024,21159
18/11/2024,20774
18/11/2024,20354
18/11/2024,20044
18/11/2024,20076
18/11/2024,19857
18/11/2024,20366
18/11/2024,21684
18/11/2024,24082
18/11/2024,26823
18/11/2024,29638
18/11/2024,31027
18/11/2024,32338
18/11/2024,32936
18/11/2024,33655
18/11/2024,33493
18/11/2024,33488
18/11/2024,33572
18/11/2024,34010
18/11/2024,33917
18/11/2024,34218
18/11/2024,34231
18/11/2024,34447
18/11/2024,34520
18/11/2024,34850
18/11/2024,35006
18/11/2024,35202
18/11/2024,35805
18/11/2024,37053
18/11/2024,37260
18/11/2024,37573
18/11/2024,37467
18/11/2024,36932
18/11/2024,36428
18/11/2024,35895
18/11/2024,34721
18/11/2024,33575
18/11/2024,32679
18/11/2024,30833
18/11/2024,29007
18/11/2024,27241
18/11/2024,25694
18/11/2024,23805
18/11/2024,22924
19/11/2024,22757
19/11/2024,23080
19/11/2024,22804
19/11/2024,22261
19/11/2024,21990
19/11/2024,21553
19/11/2024,21244
19/11/2024,20905
19/11/2024,20808
19/11/2024,20799
19/11/2024,21077
19/11/2024,21887
19/11/2024,25201
19/11/2024,28023
19/11/2024,30599
19/11/2024,32194
19/11/2024,33606
19/11/2024,34405
19/11/2024,35669
19/11/2024,35887
19/11/2024,36011
19/11/2024,35982
19/11/2024,36232
19/11/2024,36439
19/11/2024,36275
19/11/2024,36467
19/11/2024,36269
19/11/2024,36403
19/11/2024,35858
19/11/2024,35845
19/11/2024,36056
19/11/2024,36879
19/11/2024,37296
19/11/2024,38088
19/11/2024,38571
19/11/2024,38446
19/11/2024,38096
19/11/2024,37721
19/11/2024,37482
19/11/2024,36660
19/11/2024,35064
19/11/2024,33629
19/11/2024,32217
19/11/2024,30444
19/11/2024,28604
19/11/2024,26606
19/11/2024,24735
19/11/2024,24100
20/11/2024,24202
20/11/2024,24826
20/11/2024,24625
20/11/2024,23927
20/11/2024,23720
20/11/2024,23326
20/11/2024,23119
20/11/2024,23090
20/11/2024,22857
20/11/2024,22489
20/11/2024,22844
20/11/2024,24305
20/11/2024,26707
20/11/2024,29500
20/11/2024,32325
20/11/2024,33626
20/11/2024,34996
20/11/2024,34805
20/11/2024,35296
20/11/2024,34943
20/11/2024,34179
20/11/2024,33806
20/11/2024,33853
20/11/2024,33025
20/11/2024,33114
20/11/2024,32807
20/11/2024,32892
20/11/2024,33093
20/11/2024,33230
20/11/2024,34094
20/11/2024,35088
20/11/2024,36442
20/11/2024,37834
20/11/2024,39232
20/11/2024,39873
20/11/2024,40017
20/11/2024,40059
20/11/2024,39509
20/11/2024,39202
20/11/2024,38659
20/11/2024,37784
20/11/2024,36184
20/11/2024,34311
20/11/2024,32574
20/11/2024,30648
20/11/2024,29020
20/11/2024,27600
20/11/2024,26182
21/11/2024,26207
21/11/2024,26730
21/11/2024,26076
