X1,X2,X3,X4,X5,Y
.98,294,110.25,2,0,21.33
.98,294,110.25,3,0,21.33
.98,294,110.25,4,0,21.33
.98,294,110.25,5,0,21.33
.9,318.5,122.5,2,0,28.28
.9,318.5,122.5,3,0,25.38
.9,318.5,122.5,4,0,25.16
.9,318.5,122.5,5,0,29.6
.86,294,147,2,0,27.3
.86,294,147,3,0,21.97
.86,294,147,4,0,23.49
.86,294,147,5,0,27.87
.82,318.5,147,2,0,23.77
.82,318.5,147,3,0,21.46
.82,318.5,147,4,0,21.16
.79,343,147,2,0,37.73
.79,343,147,3,0,31.27
.79,343,147,4,0,30.93
.79,343,147,5,0,39.44
.76,416.5,122.5,2,0,29.79
.76,416.5,122.5,3,0,29.68
.76,416.5,122.5,4,0,29.79
.76,416.5,122.5,5,0,29.4
.98,294,110.25,2,.1,26.47
.98,294,110.25,4,.1,26.44
.98,294,110.25,5,.1,26.29
.9,318.5,122.5,2,.1,32.92
.9,318.5,122.5,3,.1,29.87
.9,318.5,122.5,4,.1,29.58
.9,318.5,122.5,5,.1,34.33
.86,294,147,2,.1,30.89
.86,294,147,3,.1,25.6
.86,294,147,4,.1,27.03
.86,294,147,5,.1,31.73
.82,318.5,147,2,.1,27.31
.82,318.5,147,3,.1,24.91
.82,318.5,147,4,.1,24.61
.82,318.5,147,5,.1,28.51
.79,343,147,2,.1,41.68
.79,343,147,3,.1,35.28
.79,343,147,4,.1,34.43
.79,343,147,5,.1,43.33
.76,416.5,122.5,2,.1,33.87
.76,416.5,122.5,4,.1,34.14
.76,416.5,122.5,5,.1,33.67
.98,294,110.25,2,.1,25.95
.98,294,110.25,3,.1,25.63
.98,294,110.25,4,.1,26.13
.9,318.5,122.5,2,.1,32.54
.9,318.5,122.5,3,.1,29.44
.9,318.5,122.5,4,.1,29.36
.9,318.5,122.5,5,.1,34.2
.86,294,147,2,.1,30.91
.86,294,147,4,.1,27.36
.86,294,147,5,.1,31.9
.82,318.5,147,2,.1,27.38
.82,318.5,147,3,.1,25.02
.82,318.5,147,4,.1,24.8
.82,318.5,147,5,.1,28.79
.79,343,147,2,.1,41.07
.79,343,147,3,.1,34.62
.79,343,147,4,.1,33.87
.79,343,147,5,.1,42.86
.76,416.5,122.5,2,.1,33.91
.76,416.5,122.5,3,.1,34.07
.76,416.5,122.5,4,.1,34.17
.76,416.5,122.5,5,.1,33.78
.98,294,110.25,2,.1,25.68
.98,294,110.25,3,.1,26.02
.98,294,110.25,4,.1,25.84
.98,294,110.25,5,.1,26.14
.9,318.5,122.5,2,.1,34.14
.9,318.5,122.5,3,.1,32.85
.9,318.5,122.5,4,.1,30.08
.9,318.5,122.5,5,.1,29.67
.86,294,147,2,.1,31.73
.86,294,147,3,.1,31.01
.86,294,147,4,.1,25.9
.86,294,147,5,.1,27.4
.82,318.5,147,2,.1,28.68
.82,318.5,147,3,.1,27.54
.82,318.5,147,4,.1,25.35
.82,318.5,147,5,.1,24.93
.79,343,147,2,.1,43.12
.79,343,147,3,.1,41.22
.79,343,147,5,.1,34.29
.76,416.5,122.5,2,.1,33.85
.76,416.5,122.5,3,.1,34.11
.76,416.5,122.5,4,.1,34.48
.76,416.5,122.5,5,.1,34.5
.98,294,110.25,2,.1,25.91
.98,294,110.25,3,.1,25.72
.98,294,110.25,4,.1,26.18
.98,294,110.25,5,.1,25.87
.9,318.5,122.5,2,.1,29.34
.9,318.5,122.5,3,.1,33.91
.9,318.5,122.5,4,.1,32.83
.86,294,147,2,.1,27.17
.86,294,147,3,.1,31.76
.86,294,147,4,.1,31.06
.86,294,147,5,.1,25.81
.82,318.5,147,3,.1,28.61
.82,318.5,147,5,.1,25.16
.79,343,147,2,.1,34.25
.79,343,147,3,.1,43.3
.79,343,147,4,.1,41.86
.79,343,147,5,.1,35.29
.76,416.5,122.5,2,.1,34.11
.76,416.5,122.5,3,.1,33.62
.76,416.5,122.5,4,.1,33.89
.98,294,110.25,2,.1,25.64
.98,294,110.25,3,.1,25.98
.98,294,110.25,4,.1,25.88
.98,294,110.25,5,.1,26.18
.9,318.5,122.5,2,.1,29.82
.9,318.5,122.5,3,.1,29.52
.9,318.5,122.5,4,.1,34.45
.9,318.5,122.5,5,.1,33.01
.86,294,147,2,.1,25.82
.86,294,147,3,.1,27.33
.86,294,147,4,.1,32.04
.86,294,147,5,.1,31.28
.82,318.5,147,2,.1,25.11
.82,318.5,147,4,.1,28.88
.82,318.5,147,5,.1,27.69
.79,343,147,2,.1,34.99
.79,343,147,3,.1,34.18
.79,343,147,4,.1,43.14
.79,343,147,5,.1,41.26
.76,416.5,122.5,2,.1,34.25
.76,416.5,122.5,4,.1,33.64
.76,416.5,122.5,5,.1,33.88
.98,294,110.25,2,.25,29.79
.98,294,110.25,3,.25,29.79
.98,294,110.25,4,.25,29.28
.98,294,110.25,5,.25,29.49
.9,318.5,122.5,2,.25,36.12
.9,318.5,122.5,3,.25,33.17
.9,318.5,122.5,4,.25,32.71
.9,318.5,122.5,5,.25,37.58
.86,294,147,2,.25,33.98
.86,294,147,3,.25,28.61
.86,294,147,4,.25,30.12
.86,294,147,5,.25,34.73
.82,318.5,147,2,.25,30.17
.82,318.5,147,3,.25,27.84
.82,318.5,147,4,.25,27.25
.82,318.5,147,5,.25,31.39
.79,343,147,2,.25,43.8
.79,343,147,3,.25,37.81
.79,343,147,5,.25,45.52
.76,416.5,122.5,2,.25,36.85
.76,416.5,122.5,3,.25,37.58
.76,416.5,122.5,4,.25,37.45
.76,416.5,122.5,5,.25,36.62
.98,294,110.25,2,.25,29.62
.98,294,110.25,3,.25,29.69
.98,294,110.25,4,.25,30.18
.98,294,110.25,5,.25,30.02
.9,318.5,122.5,2,.25,35.56
.9,318.5,122.5,3,.25,32.64
.9,318.5,122.5,4,.25,32.77
.9,318.5,122.5,5,.25,37.72
.86,294,147,2,.25,33.37
.86,294,147,3,.25,27.89
.86,294,147,4,.25,29.9
.86,294,147,5,.25,34.52
.82,318.5,147,2,.25,28.27
.82,318.5,147,3,.25,26.96
.82,318.5,147,4,.25,26.72
.79,343,147,2,.25,43.86
.79,343,147,3,.25,37.41
.79,343,147,4,.25,36.77
.79,343,147,5,.25,45.97
.76,416.5,122.5,2,.25,36.87
.76,416.5,122.5,4,.25,37.28
.76,416.5,122.5,5,.25,36.81
.98,294,110.25,2,.25,29.43
.98,294,110.25,3,.25,29.78
.98,294,110.25,5,.25,30.19
.9,318.5,122.5,2,.25,36.35
.9,318.5,122.5,3,.25,35.1
.9,318.5,122.5,4,.25,32.83
.9,318.5,122.5,5,.25,32.46
.86,294,147,2,.25,33.52
.86,294,147,3,.25,32.93
.86,294,147,4,.25,28.38
.82,318.5,147,2,.25,28.77
.82,318.5,147,3,.25,27.76
.82,318.5,147,4,.25,26.95
.79,343,147,2,.25,45.13
.79,343,147,3,.25,43.66
.79,343,147,5,.25,36.87
.76,416.5,122.5,2,.25,36.07
.76,416.5,122.5,3,.25,36.44
.76,416.5,122.5,4,.25,37.28
.76,416.5,122.5,5,.25,37.29
.98,294,110.25,2,.25,29.61
.98,294,110.25,3,.25,29.59
.98,294,110.25,4,.25,30.19
.98,294,110.25,5,.25,30.12
.9,318.5,122.5,2,.25,32.12
.9,318.5,122.5,3,.25,37.12
.9,318.5,122.5,4,.25,36.16
.86,294,147,2,.25,29.45
.86,294,147,3,.25,34.19
.86,294,147,4,.25,33.93
.86,294,147,5,.25,28.31
.82,318.5,147,2,.25,26.3
.82,318.5,147,3,.25,29.43
.82,318.5,147,4,.25,28.76
.82,318.5,147,5,.25,27.34
.79,343,147,2,.25,36.26
.79,343,147,4,.25,44.16
.79,343,147,5,.25,37.26
.76,416.5,122.5,2,.25,37.2
.76,416.5,122.5,3,.25,36.76
.76,416.5,122.5,4,.25,37.05
.76,416.5,122.5,5,.25,37.51
.98,294,110.25,2,.25,29.53
.98,294,110.25,4,.25,30
.98,294,110.25,5,.25,30.2
.9,318.5,122.5,2,.25,32.25
.9,318.5,122.5,3,.25,32
.9,318.5,122.5,4,.25,37.19
.9,318.5,122.5,5,.25,35.62
.86,294,147,2,.25,28.02
.86,294,147,3,.25,29.43
.86,294,147,4,.25,34.15
.86,294,147,5,.25,33.47
.82,318.5,147,2,.25,26.53
.82,318.5,147,3,.25,26.08
.82,318.5,147,4,.25,29.31
.82,318.5,147,5,.25,28.14
.79,343,147,2,.25,37.54
.79,343,147,3,.25,36.66
.79,343,147,4,.25,45.28
.79,343,147,5,.25,43.73
.76,416.5,122.5,2,.25,36.93
.76,416.5,122.5,3,.25,37.01
.76,416.5,122.5,4,.25,35.73
.76,416.5,122.5,5,.25,36.15
.98,294,110.25,2,.4,33.37
.98,294,110.25,3,.4,33.34
.98,294,110.25,4,.4,32.83
.98,294,110.25,5,.4,33.04
.9,318.5,122.5,2,.4,39.28
.9,318.5,122.5,3,.4,36.38
.9,318.5,122.5,4,.4,35.92
.9,318.5,122.5,5,.4,40.99
.86,294,147,3,.4,30.66
.86,294,147,4,.4,31.7
.86,294,147,5,.4,36.73
.82,318.5,147,2,.4,31.71
.82,318.5,147,3,.4,29.13
.82,318.5,147,4,.4,28.99
.82,318.5,147,5,.4,33.54
.79,343,147,2,.4,45.29
.79,343,147,3,.4,39.07
.79,343,147,4,.4,38.35
.79,343,147,5,.4,46.94
.76,416.5,122.5,2,.4,39.55
.76,416.5,122.5,3,.4,40.85
.76,416.5,122.5,4,.4,40.63
.76,416.5,122.5,5,.4,39.48
.98,294,110.25,2,.4,32.96
.98,294,110.25,3,.4,33.13
.98,294,110.25,4,.4,33.94
.98,294,110.25,5,.4,33.78
.9,318.5,122.5,2,.4,38.35
.9,318.5,122.5,3,.4,35.39
.9,318.5,122.5,4,.4,34.94
.9,318.5,122.5,5,.4,40.66
.86,294,147,2,.4,35.48
.86,294,147,3,.4,30.53
.86,294,147,4,.4,32.28
.86,294,147,5,.4,36.86
.82,318.5,147,2,.4,30.34
.82,318.5,147,3,.4,27.93
.82,318.5,147,4,.4,28.95
.82,318.5,147,5,.4,32.92
.79,343,147,2,.4,45.59
.79,343,147,3,.4,39.41
.79,343,147,4,.4,38.84
.79,343,147,5,.4,48.03
.76,416.5,122.5,2,.4,39.48
.76,416.5,122.5,3,.4,40.4
.76,416.5,122.5,4,.4,40.47
.76,416.5,122.5,5,.4,39.7
.98,294,110.25,4,.4,33.86
.98,294,110.25,5,.4,34
.9,318.5,122.5,2,.4,37.26
.9,318.5,122.5,3,.4,35.04
.9,318.5,122.5,4,.4,33.82
.86,294,147,2,.4,35.22
.86,294,147,3,.4,34.7
.86,294,147,4,.4,30.11
.86,294,147,5,.4,31.6
.82,318.5,147,3,.4,30.65
.82,318.5,147,4,.4,29.77
.79,343,147,2,.4,46.44
.79,343,147,3,.4,44.18
.79,343,147,4,.4,38.81
.79,343,147,5,.4,38.23
.76,416.5,122.5,2,.4,38.17
.76,416.5,122.5,3,.4,38.48
.76,416.5,122.5,4,.4,39.66
.76,416.5,122.5,5,.4,40.1
.98,294,110.25,2,.4,32.95
.98,294,110.25,3,.4,33.06
.98,294,110.25,5,.4,33.88
.9,318.5,122.5,2,.4,33.98
.9,318.5,122.5,3,.4,39.92
.9,318.5,122.5,4,.4,39.22
.9,318.5,122.5,5,.4,36.1
.86,294,147,2,.4,31.53
.86,294,147,3,.4,36.2
.86,294,147,4,.4,36.21
.86,294,147,5,.4,31
.82,318.5,147,2,.4,28.2
.82,318.5,147,3,.4,32.35
.82,318.5,147,4,.4,31.14
.79,343,147,2,.4,38.33
.79,343,147,3,.4,47.59
.79,343,147,4,.4,46.23
.76,416.5,122.5,2,.4,40.36
.76,416.5,122.5,3,.4,39.67
.76,416.5,122.5,4,.4,39.85
.76,416.5,122.5,5,.4,40.77
.98,294,110.25,2,.4,32.88
.98,294,110.25,3,.4,33.23
.98,294,110.25,4,.4,33.76
.98,294,110.25,5,.4,34.01
.9,318.5,122.5,3,.4,33.14
.9,318.5,122.5,4,.4,38.79
.9,318.5,122.5,5,.4,37.27
.86,294,147,3,.4,31.2
.86,294,147,4,.4,36.26
.86,294,147,5,.4,35.71
.82,318.5,147,2,.4,29.93
.82,318.5,147,3,.4,29.56
.82,318.5,147,4,.4,33.84
.82,318.5,147,5,.4,32.54
.79,343,147,3,.4,37.7
.79,343,147,4,.4,47.01
.79,343,147,5,.4,44.87
.76,416.5,122.5,2,.4,39.37
.76,416.5,122.5,3,.4,39.8
.76,416.5,122.5,4,.4,37.79
.76,416.5,122.5,5,.4,38.18
